,x,y,p,z
0,0.7360841239849167,0.7148559894073755,0.5957233915830078,0.7550437410511024
1,0.7245209645559624,0.7582956706134547,0.448442054631911,0.6301842265733526
2,0.6799334328680613,0.6768359605239546,0.41522813477972537,0.546487103381401
3,0.6469601210213706,0.6877444745804049,0.2892195346835615,0.5020510062551715
4,0.6341261223160357,0.6732293388419475,0.2722718932038206,0.4576340372578035
5,0.640708830600638,0.6612817442480929,0.17497035587532767,0.4272008399694488
6,0.6164466871244663,0.6473275814469324,0.08875463743610146,0.402866522757997
7,0.6088490207100018,0.670683271520297,0.06639707068108533,0.3933111849376109
8,0.6075007168128345,0.6332701501259907,0.04858696084388393,0.36412187740300683
9,0.6074340560742342,0.6341409720099352,0.1663739536977907,0.3556497367980827
10,0.589697391682967,0.6434954829457669,0.07623764014958331,0.34058715733740086
11,0.5785927859109639,0.6379137962111417,0.09241871227715401,0.3213257035369034
12,0.5785209662690589,0.6154641470291026,0.13816239390704574,0.3213958620050865
13,0.5821978353561899,0.6152115334140666,0.11348591240407574,0.3073826781845106
14,0.5695727322691743,0.6239956284202338,0.16100522315091254,0.2867681628478178
15,0.5765425121161694,0.6251366626272156,0.10959698108673142,0.28565306901598214
16,0.5677583405740972,0.6218771939662786,0.0994722638772291,0.2667030793505277
17,0.5601818766486251,0.6254503729026977,0.10513200572647466,0.25212521746169053
18,0.5660091839288974,0.6113774268930928,0.08148763433694856,0.2561185687333736
19,0.5574931395647001,0.6149628116063306,0.02860166609511989,0.2479737050326501
20,0.5631741363874099,0.5954869234566199,0.09997802014142845,0.24565303144164885
21,0.5713679941703085,0.6025024555740911,0.022846572940774974,0.23521393776629326
22,0.5483318492131694,0.6061167231755596,0.08678649676650602,0.23909129533786846
23,0.570077516365579,0.5929679392319607,0.012006040387033068,0.24547788301337978
24,0.5672106773436171,0.6002371494673227,-0.0288326049251537,0.2547119716247755
25,0.5498956957971473,0.6010177916180562,0.0484101127132842,0.2378488225290169
26,0.5760940105317892,0.629076630017049,0.0020021276232002894,0.22709748855355416
27,0.5496772888402656,0.5924071285563335,0.11522814485967667,0.2175790875553853
28,0.5572439000803758,0.6133898159645035,0.06541787541159864,0.2143097869496036
29,0.55686824377524,0.6131587712793867,0.09032175962874196,0.21727633388306447
30,0.5626160967225445,0.6114362092247455,-0.00033367034048096406,0.22965082478643403
31,0.5535470410148625,0.6098399674475092,0.03456278465786111,0.2336551117496473
32,0.5578313973146638,0.6134751432970175,0.028931817834973686,0.22290175334732426
33,0.5465440505296837,0.616176338676427,0.11393424491001092,0.21998181995900348
34,0.5518668677672909,0.6207031535217123,0.09838432051595793,0.21340531794197157
35,0.5652227149706774,0.6210547699853696,0.02141120439290107,0.2178930327570982
36,0.5656943468676906,0.622196808771565,0.020383676375823064,0.2141120852036438
37,0.5626619757390007,0.614172604521033,0.07051719478489447,0.2181471685853077
38,0.5526323106454044,0.6326151501753905,0.05910378316298655,0.21592940012499248
39,0.5493045305465377,0.6194462937257428,-0.013502385769492614,0.20531096404440863
40,0.547909917963511,0.6010159532635492,0.06892308897632202,0.19382413728938483
41,0.5461592841445337,0.6113518920210212,0.04484938097769467,0.2086257965610762
42,0.5328026137120593,0.6248259596706777,0.011885965236863822,0.2002190545478826
43,0.5507153216255067,0.5840796132568818,0.008877049678788142,0.18859297008403914
44,0.5426064396932021,0.598291152888089,0.08043220401408635,0.17786416442216166
45,0.5612587141053049,0.6183034920628002,0.005944537241790945,0.18073962666842283
46,0.5370038924440985,0.6269368166431093,-0.019223011519117077,0.17386602799807677
47,0.5538281098132767,0.6097196373430924,0.0651157622340357,0.17065476684006428
48,0.5375168393407848,0.5875466710945437,-0.04938721425576574,0.1608011400090533
49,0.5368350875502098,0.6053611827417176,-0.03194223553969994,0.15442929686466744
50,0.5367315855026511,0.6049825298828904,-0.05911288962056244,0.15265979049128187
51,0.5315019190708254,0.6241468089714253,-0.0073172082671906745,0.16099308592238962
52,0.5404192866584019,0.5979575165509889,0.014679696005397357,0.1562930910401129
53,0.5303016160125061,0.5906400132688875,-0.04393675747226261,0.17329700119584304
54,0.5452251474023032,0.606702193549731,0.07110362747562832,0.17336001664590547
55,0.5363928601294947,0.5975890141926758,0.033776943261608516,0.19538160432524684
56,0.5303041715450094,0.5848316853032951,0.05506963191136957,0.19826690904696948
57,0.5694999549513711,0.5972384422542,0.11534013372197954,0.21539134692141995
58,0.5507245465283965,0.5993363159069465,0.06378600903668195,0.21166172203946118
59,0.5547732216470749,0.6083812367959471,0.018562846277842507,0.2134725710910348
60,0.5499065326406173,0.6214814083660088,0.011616037675780691,0.23224634129973054
61,0.5501763485029464,0.5949023665410169,0.030184645009910277,0.2273428555567582
62,0.5589881434126264,0.6191403959269552,0.20185218325929696,0.22437305154743023
63,0.54162990605865,0.6098577421465509,0.06971890779586579,0.23435070235117758
64,0.5536453908854326,0.6185427551907663,0.055422686914429274,0.23822868311547332
65,0.5744745512161039,0.5945750539723667,-0.034117208264472,0.2258196198148827
66,0.5599645960478415,0.6118878145208785,0.02321081920513711,0.2238024218356212
67,0.5565553375461642,0.619794972799246,-0.05741701282372387,0.20849353231818052
68,0.5434984631779534,0.6123942536154683,0.025385088622423523,0.19315199524220994
69,0.5438440904533958,0.6088493159147931,-0.005094911290909422,0.18933219920166638
70,0.5466048334770985,0.6143849485527013,-0.024182213289352383,0.18429189172594315
71,0.5398610028896683,0.6055566397007547,0.11810858035590494,0.18367275080196416
72,0.5430063357176926,0.6000648489585446,0.05412110609232032,0.1902850375101591
73,0.5508850136782536,0.591589714453232,0.03880960453501759,0.1865379696226268
74,0.5442447892518365,0.6070533769005956,0.07652502990055954,0.16847060853967913
75,0.5357055943342827,0.6319450715578809,0.12102658774191097,0.16795313405107504
76,0.5467608213135102,0.6216285112752866,-0.014397493174778831,0.16817999875135936
77,0.5486437313920693,0.6061155194052723,0.006348417815173989,0.17179852298664933
78,0.5545778123647784,0.5977030184255092,0.010487484410835968,0.17896462741603789
79,0.5340324810204996,0.6071035712900292,0.10637574630597128,0.16637130418208243
80,0.5475324405080723,0.6064165109674047,-0.002764374367222218,0.15643668199436558
81,0.5377993430957758,0.5989243558137529,0.052045944868563315,0.1449543596202906
82,0.5320709462976911,0.6103589295873098,0.0032142082122099264,0.15916786213562878
83,0.5322605339747161,0.6164689683082165,0.1484320046008558,0.1543905024859565
84,0.5534701504928774,0.5885600086621036,0.06577316732655844,0.15562595163536883
85,0.5206061225944594,0.6009957326864209,0.03402035144323023,0.1600112861802062
86,0.52673371769707,0.5888781557458157,-0.005873150167015371,0.15804562115408546
87,0.5143171425411156,0.599426633983109,-0.003091443090372601,0.15538960813064123
88,0.5407368457363175,0.6158014286300921,0.059437181385962684,0.14403640016925623
89,0.5391897089328017,0.6159327499852665,-0.07269478243401732,0.1336301037969366
90,0.5222386172799045,0.6052763414173454,0.029589791375159845,0.1390331429554441
91,0.5301317928742368,0.6057915671010883,0.0021907996057609347,0.13546852069371373
92,0.5169148125273048,0.6099555373476405,0.0296660662627588,0.13912759460570862
93,0.5362043050380502,0.593292332745067,-0.03868963633703733,0.15077216904591056
94,0.5354229857995365,0.5979133497832265,-0.005648326492319222,0.1498223437006954
95,0.5316874527899466,0.5973991720294112,-0.01210513747928696,0.15737492848769638
96,0.5590785294245157,0.6003011743924608,-0.08297099004752564,0.14957814505081218
97,0.5455585947496137,0.6052515229669092,0.009152998100762316,0.1528657023118375
98,0.5300880176518261,0.612893186064909,0.07423749881080263,0.1528918498323827
99,0.5401713741394766,0.6111856053120246,0.06699869584064015,0.1637798090584689
100,0.5447411373710941,0.5961096883849963,-0.03778734689133541,0.16974867812159183
101,0.5415751777088721,0.6018343004690724,0.09841066987263994,0.18776357126506055
102,0.5468656910587087,0.612256706424613,-0.013086320393426505,0.19713220003601648
103,0.5534036869229955,0.6023305878900979,0.09441463939224838,0.19844352907002816
104,0.548842045698863,0.6201089223059639,-0.0038579142297482036,0.18589703192855248
105,0.5463824779492725,0.6199446673505686,0.11545801480738424,0.17492807717910416
106,0.5376754711420042,0.5993327258682072,0.0484342931445012,0.17910924971268366
107,0.5471259228785444,0.6241411866069381,0.06879824567956698,0.1778653196954053
108,0.5617250837501336,0.5987623412453809,0.07124293324351097,0.16001698992777952
109,0.5271820504553502,0.5966085786707058,0.04734731596734324,0.158506230171321
110,0.5440513197932013,0.5903715030369913,0.0535624336768737,0.16370197631828629
111,0.5633227125292238,0.6040111577195184,0.020749569991934808,0.16559146942650485
112,0.5355215684934975,0.6054143943389046,0.06703055241153637,0.16810104773067347
113,0.5501984941676286,0.592908947286326,0.04732517632502884,0.18795037278508267
114,0.5260302267965138,0.6178813500854577,-0.03223465276389335,0.17696415024764772
115,0.5507606780234813,0.6114380943011125,0.02657192191582208,0.17511132127792453
116,0.5623147802543311,0.5943948053102858,-0.09006246027535261,0.16747719327493804
117,0.5346546973473538,0.5947551257117953,0.08436646387718168,0.1383957172315486
118,0.5416742265367426,0.6120864975101534,-0.004432352249738907,0.1336247730816902
119,0.5257524674241439,0.6013845580838627,-0.028435279113104756,0.13052388468410098
120,0.5383976255934013,0.5870598767389523,0.04508452382781032,0.13055753223946842
121,0.5390900715956534,0.6031649093191296,0.03554213184034473,0.12173961952325384
122,0.5324765159006651,0.6035017122204966,-0.031925148116714604,0.11825415741005244
123,0.5226464890333509,0.5918172979394394,0.006383526224408647,0.12347112052451838
124,0.5177952625279005,0.5973272383662572,0.05529935916172814,0.11478062893970581
125,0.5326926430286131,0.5965525468785042,0.08676221317818322,0.10901160263739595
126,0.518948249935894,0.5838073253516171,0.022951779516372173,0.10360881655812199
127,0.5401501927700949,0.5864242524466026,0.014140429815120542,0.09656794037963853
128,0.5134676993749537,0.6012065160069624,0.0016945281620580413,0.09978904217983957
129,0.529173140171302,0.6086529618977825,0.026704373425362277,0.1016496017740591
130,0.5225556172074856,0.6032588007872611,0.05531083771121115,0.10193500668124612
131,0.5206947843517183,0.6158831698046076,-0.014862970863638409,0.11825419464170903
132,0.5263084288219836,0.5951149383152872,0.09662651307776161,0.10906823477977404
133,0.5228691911858344,0.5908161266372266,-0.016002586229231563,0.10805479618100634
134,0.520933129838887,0.5955236454717903,-0.05656961395147325,0.10513250311469471
135,0.5037298183710076,0.5993743274750531,-0.1255313653639986,0.09662349920082612
136,0.5346392093977168,0.5895106042386402,-0.030661881234124888,0.098385274517965
137,0.5211369392712292,0.6170981268051884,0.07724638346877868,0.08956068367434192
138,0.5398617854272778,0.5819838408103992,-0.08620046285775143,0.09811917045082894
139,0.5268049309746097,0.6150125905497457,-0.07629781565718777,0.08333939054237591
140,0.5320756668577094,0.6087967349583014,0.007191944991673505,0.07961616436832454
141,0.4981302851209401,0.5851060910517739,0.027845046996715625,0.0689809205710956
142,0.5158309586868379,0.5977872232314367,0.13179848573901395,0.08245403237548472
143,0.5218115007612959,0.5876575888558244,-0.011951747020666377,0.08900408237994908
144,0.5146255199878905,0.5876367413725563,0.01609102303659246,0.0782142596001356
145,0.5177428432876995,0.5822656350495674,-0.04777550112537269,0.07343306114250206
146,0.5200595631504856,0.599385847278626,0.10051734291883946,0.0677109047161471
147,0.5169687088038133,0.5886067268612316,-0.08002960828806487,0.07049133198152144
148,0.5056725080794882,0.6073891284486567,-0.07602707616668847,0.07261559999165093
149,0.5214331604091518,0.5768560342178851,0.009105007213397848,0.06755647136065086
150,0.5175558409947957,0.5813538692487172,0.012657432192606642,0.07423793688359247
151,0.5004558325282259,0.6026049143278299,0.076933479585272,0.06856717240099709
152,0.5107293697526583,0.5828549403365533,-0.049048473710123795,0.06119836551949686
153,0.5159809356405667,0.5908886398041203,-0.0004969950274271552,0.055487589440444914
154,0.5121541672818956,0.5986873437102349,-0.005734677237638101,0.07490428717033322
155,0.5030433169017563,0.5801022144245686,-0.02718916928216461,0.07327762890699661
156,0.5304435195185313,0.6042021984099446,0.03629199079783995,0.07634600268669278
157,0.5222262647747704,0.5978143771748624,0.01865666304786805,0.07942190348497646
158,0.5182024864061859,0.5879295047746973,0.07954214209774994,0.0745215151579871
159,0.5055374773939746,0.5958018128720018,-0.05044852149536483,0.06976375209538936
160,0.5359448240657573,0.6042798800262835,0.033071765456782795,0.054527568251571346
161,0.5122909625428068,0.5870395379567701,-0.019643524850398282,0.04942824139078951
162,0.5207909067797573,0.5954532664456844,-0.04137760702661373,0.04227257052928796
163,0.5099711726571864,0.5932231375772679,0.038849992288441486,0.038995876940443444
164,0.5092821654814972,0.603551643617803,0.047735724025701254,0.04060745766480513
165,0.5079366944797927,0.5910713591112773,0.08160492452843061,0.04200127494144914
166,0.5090461102668401,0.5864619457418393,0.05821488739947946,0.06029238120541783
167,0.5254815607915672,0.5748715358888343,0.05880425260875226,0.05932006061640915
168,0.5241089958095051,0.5882185761850338,-0.038666625038225266,0.048467253252454864
169,0.5222795596924031,0.5741338849800391,-0.050604499563056064,0.046806311302387604
170,0.5174153192775213,0.5690253542058943,-0.06231448892162227,0.019318508749621495
171,0.4909445397831013,0.5831949011736809,0.029701176420379314,0.022610827937374397
172,0.5152116263653495,0.5802201778797192,-0.038378032358663695,0.0033716366101093726
173,0.488481556809502,0.5875738851968445,-0.05164084503754962,0.02541105871706138
174,0.49348230284790795,0.5999858638587808,-0.04906782364336442,0.009759049870154806
175,0.5173337073772247,0.5993521954041454,-0.05188045123700654,0.02522936902868347
176,0.49541134675807597,0.5815711154896415,0.008105732746874837,0.0349030044838533
177,0.522512035435915,0.6012572180639745,0.019528802043577077,0.029405446962506583
178,0.5066636590207526,0.5676688713174539,0.020606359617667755,0.025043616277155463
179,0.5263247746268178,0.5866109514219155,-0.005200401319334708,0.026920059256225582
180,0.49103684230036326,0.5972487818033845,0.05458009467788193,0.028184788035490696
181,0.5193441642555909,0.6054056924513374,0.08868077477631893,0.029858924324934207
182,0.5036615287166102,0.5948702355903353,0.056829278883466304,0.027186817477549207
183,0.5147466997234914,0.583303630581167,0.020266026747924833,0.03111158117663088
184,0.5062558778455979,0.5928726181136916,0.01861665800822205,0.02954300623277598
185,0.5125239678586984,0.5697286344974593,0.0075562585085324555,0.0343006805389171
186,0.4853807795092974,0.5876318679408417,-0.014473511380757871,0.04653790552597626
187,0.5157180055316063,0.5939936607171299,0.005155856720615887,0.04969045929656211
188,0.510858653750645,0.5739665108944982,0.018129534578956306,0.054286461347291745
189,0.5254259265653871,0.5877246445876008,-0.09375376865596215,0.03476034113215392
190,0.5204727906040083,0.5931517894808481,-0.04580868767972557,0.030948755709489816
191,0.5250545310763707,0.5769011046651712,-0.01822265736782231,0.03084636722142679
192,0.5178238911262313,0.5948289611261792,-0.021282966823939046,0.051764584097557145
193,0.5139456114086504,0.6001991071033057,0.11752396684629525,0.054048804818283884
194,0.5115741720628201,0.5858409068104323,-0.042105651097728104,0.04317383631128025
195,0.5154710383100953,0.5822651055557811,-0.05186625976541166,0.048895561319400635
196,0.511657180657927,0.5819113579733114,-0.0400445185613227,0.044722658822074574
197,0.5074457783615302,0.5956743528696089,-0.009948316695173405,0.0409046061281512
198,0.5052559614889944,0.5994629725856269,0.04763635756345687,0.0320502205303348
199,0.5111751501854367,0.5891908740850098,-0.021057638662978884,0.04732632698714848
200,0.5192156038719884,0.5876924353257484,-0.06866837173631099,0.044331326948930806
201,0.5016196444114823,0.5935846094764036,-0.039238411564182986,0.036342430708977295
202,0.5306084972345562,0.5950385083852613,-0.04305549473118244,0.023878403704272185
203,0.5068790452833823,0.5857217670856709,0.06546834674168202,0.02552571283316446
204,0.5095782104101593,0.5860290961987213,0.11462268370427312,0.02983053930885431
205,0.500268338047882,0.5899233981178342,0.02188726202319015,0.04252261800238185
206,0.4932235293828758,0.5931333487316889,-0.018857137478650393,0.04104092207804482
207,0.5083345795996997,0.5998471407075782,0.0918533865729733,0.040224459722461595
208,0.5138979639207776,0.5932416327378784,0.00016595826892758844,0.03042615181264905
209,0.5227302083414005,0.5867122257564577,0.08623805587723875,0.02601479558831053
210,0.5132985553273195,0.6186439810302553,-0.020238536605874484,0.015075376716455108
211,0.5042390209840687,0.5881689019604159,0.029801958586604144,0.02498247310563258
212,0.5071148960287737,0.5897956584735562,0.07568188180120988,0.01020684642943186
213,0.5093181429792374,0.586357916337048,-0.07396980670079432,0.0013830079923853457
214,0.5029795464239527,0.5912478117157501,0.03658308238981705,0.0034805170878797155
215,0.5112369005284328,0.5931355814625233,0.03439275226409644,-0.00892067034988268
216,0.5124909040132891,0.591717326207269,0.040905235432309846,-0.02654981782050209
217,0.49308808012456246,0.5783483254042004,0.012547596154621928,-0.023002941037926092
218,0.4924784038187642,0.5640962027253357,-0.007049041655442919,-0.028789344179061774
219,0.4863153125845057,0.5778356453399278,-0.014837703503272704,-0.011435705918214491
220,0.4902012872571153,0.570678992720439,0.06261833651265093,-0.0225790583476293
221,0.5010206007350628,0.5844852454051273,0.052385828416936106,-0.035644376451817956
222,0.4865965255638457,0.5938272469362742,-0.06441999898429544,-0.0386648778722849
223,0.48260778948516536,0.5873073806647877,-0.028406656243428828,-0.024057714484016175
224,0.48628954169477523,0.5702198257493691,0.024004935708212334,-0.01499175870097094
225,0.4997218700632864,0.5627587304471393,0.043911777618356455,-0.017870725832589446
226,0.49424862896849114,0.5780961290909431,0.043172767649568844,-0.012028142630023653
227,0.49809489658336176,0.589361964113319,-0.030117916759810993,-0.009567710694049852
228,0.5038225760900183,0.5776694145067878,0.02375553833807646,0.0008444781980772053
229,0.5011879201603409,0.5959528436587084,0.055159895137455284,0.010381653782433898
230,0.49778938234190695,0.5731351457720679,0.012222922709659209,0.019012533804948828
231,0.4896041126441749,0.5817100305240953,-0.03237845527359021,0.01610167887561551
232,0.5047490629884901,0.5803689528616978,-0.04441448336996126,0.01600905803554366
233,0.5100340294299,0.5938109621838722,-0.023920822450538327,0.0030893040523963813
234,0.4963668218844036,0.5838972080358257,0.0587309103917903,0.01177490591551917
235,0.49491164617800487,0.5836402825740382,0.008154203668756382,0.016060689136238978
236,0.49966583144438864,0.5950522208347057,-0.05985550713240306,-0.00866697765743876
237,0.4944722035834385,0.5886818223099146,-0.05112000832586774,-0.0019962235885080484
238,0.5040792121694397,0.6009943541640357,0.0007064047365851445,-0.0014439332293548586
239,0.49679872466182884,0.5884920922814931,-0.00412658875493296,0.004718355434257114
240,0.5156647359133143,0.5858340858217765,-0.06932998363953598,-0.00020510960719988185
241,0.49942308910878536,0.5846934819961973,0.02958823663160468,-0.010064165363893925
242,0.5113790956771914,0.5820101450107711,-0.045479877901678026,-0.008623597646073398
243,0.49580015513067793,0.5840636133488306,0.07585940856610203,-0.01439684304494249
244,0.5068152705505405,0.5925107104554628,0.04758878716759919,-0.020306269452129527
245,0.49258478183777343,0.586970364832063,0.1031613700208498,-0.01100342901259535
246,0.49980912022206936,0.5911983936591618,0.0647734233037081,-0.012012477062670252
247,0.48913476253519156,0.5774111106329913,0.11378956074908637,-0.0026312088091768643
248,0.49038161839335465,0.583128711928121,-0.06577516084918605,-0.0046529819585511036
249,0.4899668234943839,0.582948485954631,0.06912139710793837,-0.00765728926626867
250,0.49756217059142377,0.5836865739615735,0.046010535384461614,-0.0050901969776080734
251,0.49083487844210405,0.5838590895390255,0.03455812735821839,-0.014060448375117938
252,0.49196929759723845,0.6012518544780043,0.014171917103912418,-0.0015156525599789468
253,0.4942939087755233,0.5888747068398895,-0.023113102259894314,-0.009112274224184026
254,0.5044596530242134,0.5731339552922555,0.06381803577576547,-0.007333762346667547
255,0.4792996355977447,0.5730404738756926,0.024068488199886728,-0.0018281772197167034
256,0.5192313589058076,0.5923687385571554,-0.1061762641499257,0.0077802936832711
257,0.5001863509065526,0.5770280967027654,-0.020841348128009234,0.01796223100847601
258,0.49376485810673565,0.591253888676782,0.04779456559947838,0.010362023435485897
259,0.4981018169478239,0.5628346785686468,0.012536952859979395,0.006430029081307299
260,0.5063132136330157,0.5896672412102875,0.0071297896866874405,0.024811787846459408
261,0.5098702595280152,0.5858494106946666,0.03697819032862938,0.023910703592378756
262,0.4966481918300736,0.581246027545409,0.028804435915017433,0.02088317653929022
263,0.5034228497758659,0.6007593061906713,0.048184578471621275,0.024367142313779056
264,0.5034269579753474,0.5770415778528535,-0.002002260872776504,0.030257616505202697
265,0.5179081307872638,0.5620270438162892,-0.031663493923911205,0.03731781074641747
266,0.5024758915963515,0.5744996835608586,-0.038454884907962256,0.03569003388239895
267,0.5149679674686799,0.583695864538407,0.0085412098653916,0.04544015933062833
268,0.4963033103806191,0.576845988343228,-0.10948264647526394,0.032656203219243854
269,0.5179836455196791,0.5887079107337607,0.08071861429280955,0.034416430819816574
270,0.5038743214273476,0.5984298995617681,0.027119887119120143,0.03142645770899057
271,0.4922000945919048,0.5738135005058748,0.02012560448274622,0.029033250098881674
272,0.5156070257423585,0.5824384368705611,0.02997051309910805,0.018618188530419615
273,0.504523061139527,0.5715705837436948,-0.003920885751121524,0.03331012011841158
274,0.5006383795155691,0.5889776863542939,0.0666034365710522,0.03584485133295549
275,0.5039026835761131,0.6079356928824862,0.011686036918246783,0.023112631617792125
276,0.5092139052344351,0.5866825577379609,0.07232540997891389,0.01171493944575353
277,0.5025262290217974,0.6011897459668463,0.006631090739746036,0.020144993402251996
278,0.5177392970395566,0.6133684630877749,-0.04420338291646488,0.0228523044504796
279,0.49973417197896675,0.603349532178325,0.11825521059035565,0.01969770858673843
280,0.518042140326005,0.5785300289913468,-0.050912147835641304,0.024792532442569605
281,0.506845731211608,0.5911500720531401,-0.021313844549010887,0.02025807310437295
282,0.52131531792254,0.5828324605101578,0.07077259478117268,0.011425054661966708
283,0.5171852805421255,0.6066659548144724,0.07228416701303453,0.004353373451481281
284,0.5139783582698086,0.5926463326409067,-0.03641196885083831,0.016067687761351614
285,0.5055022858267346,0.5773738998685796,0.0006891555754188699,0.03530416245397639
286,0.5052015580892987,0.5901491295234335,0.019394706895372933,0.03853419043354905
287,0.5250390667895143,0.5949735522412456,0.00338758760445432,0.03641214165396267
288,0.5234070613293522,0.5728087937917682,0.04334989691358172,0.041618127557415195
289,0.5082022015042311,0.6007349455525437,0.07614794538852468,0.04040976960315484
290,0.5036669352628206,0.5769909581772705,0.00032915994474793975,0.025535319424821998
291,0.5008959406199593,0.582219714342707,-0.04612191400353567,0.019011581081002347
292,0.483651018965233,0.5977787535817389,0.004422772119696518,0.028188918720808698
293,0.5022796926523039,0.599179498139322,-0.054171275410110506,0.019507998519555734
294,0.5039106526648367,0.5916921818830909,-0.025144969543872377,0.015054581004700838
295,0.4955424613864296,0.6022504369809973,-0.07916533833287367,0.01766574797014523
296,0.4855978405420905,0.5980933554581811,-0.08132418419460034,0.02422888590683241
297,0.49682161272995545,0.6137490717150613,0.006693622019324576,0.0479613384671653
298,0.4854654340843091,0.5788826901317172,0.02129660384258811,0.05726129381149017
299,0.5227849440543837,0.5719166941891037,0.016418173955557246,0.0657647282193405
300,0.518729636328666,0.5846612543016757,0.1275989562181076,0.06449121044008364
301,0.5174517772255474,0.5905805351223232,0.0024015637253366907,0.06387552655485344
302,0.5403470956059249,0.5997393375468334,0.03353967330487172,0.06593815995759374
303,0.5228205186474421,0.597213936298178,0.0904379794347262,0.06409300331867047
304,0.5254640096579862,0.5893502013117147,0.0431166773533803,0.07423004053781579
305,0.5234155921512365,0.5994006339764786,-0.03950753556541728,0.0700282000104567
306,0.5228310396177173,0.5967030184073293,0.0060408765180209965,0.07412863215231316
307,0.5234580710952413,0.5985286190743042,-0.004314357075872593,0.06348353006361872
308,0.519737041073416,0.6116203640655047,0.06005636912024834,0.063040662325112
309,0.5144120783558579,0.5980013508365011,0.008938085272644093,0.05083592783792082
310,0.5187927824398346,0.5916733991422947,0.1432177260013186,0.047082672555910296
311,0.5217382939941907,0.5889594233105753,-0.04638440482770235,0.041426454650720645
312,0.5048501735660382,0.5872890890991349,-0.047797222430004484,0.04546245838441526
313,0.4941490633860905,0.5955511770632255,0.04303699548509751,0.046912922161417715
314,0.49935319847525095,0.5816723637184072,-0.039996249859546834,0.0435054683822054
315,0.5148421829744748,0.575502946013063,-0.022938676236967978,0.03781051424756574
316,0.5065102116651603,0.586076553499827,-0.08278220213815995,0.03153877255946158
317,0.5044305751284794,0.5900030020019842,0.00990258905689368,0.05831882502383131
318,0.50958827434422,0.6035625555118077,0.13263245104260207,0.07740841301552116
319,0.5286445950931229,0.5762419882645357,-0.04210946523928665,0.07360898789297234
320,0.5309852200087122,0.6105514274431658,-0.07447057857443844,0.07867725297150914
321,0.5131768453671858,0.5906988400279595,0.009059008056396443,0.09169378913980121
322,0.5202086558259562,0.598308054924125,0.0016313516305858783,0.10469967798137347
323,0.5264521910564861,0.6019508208453925,0.007952230184253424,0.10131310876447062
324,0.5273004621885253,0.6071949887952591,0.08078497682490374,0.09445001946839326
325,0.5193151868790442,0.5879784007834192,-0.04338588803733139,0.09502532429487771
326,0.5097740504511895,0.6066054381609923,-0.07317484134579032,0.09874834250874769
327,0.5200806123216881,0.5908813215884354,0.018480203975542613,0.11390950070407475
328,0.5318708553736583,0.595513261747904,-0.002640616377615021,0.1280576969012519
329,0.5424569830703623,0.5975027378455142,-0.032403151417416676,0.13195278268069274
330,0.5210273295088341,0.5887795200473342,0.014241383461926983,0.14273288410318755
331,0.5210327037576322,0.5912706243894068,-0.015387366876460789,0.1309159950452131
332,0.5345630653185423,0.5968311071353387,-0.007602291088836439,0.14033961374915346
333,0.5247080343159167,0.602343285541597,0.01588999536492163,0.12606555908503436
334,0.5213254400022165,0.6090127072959018,0.05823084137870187,0.12415626204366885
335,0.528501660298286,0.5976678589617439,-0.05114691247567904,0.12832589401731015
336,0.5311422957885228,0.6072830105539182,0.052121208533542754,0.12519645351034184
337,0.538916856890451,0.6050163158380046,0.06683597664801816,0.12191870632973897
338,0.5318459728505308,0.5997861979360026,-0.04080609400312338,0.12691884372952678
339,0.5189267516643713,0.6094281920289673,0.04824145973013573,0.13049266626278747
340,0.5391079758173828,0.5971048576353245,-0.01784796398730592,0.12016910394387076
341,0.5423968772563588,0.5975460366688883,-0.004469441446036573,0.11741557657154514
342,0.5345551539249028,0.6084003448295106,0.11314770058582492,0.11817581925727047
343,0.5378003439615162,0.6087338484945904,0.014881685498019192,0.11212870940388045
344,0.537207951985525,0.6138740791386665,0.0830951636552714,0.10891270515787728
345,0.543200323825882,0.6007337575847416,0.04372083773595226,0.09456457104302798
346,0.5115472389467024,0.6087208013765806,-0.005700911938673827,0.09038462902632317
347,0.5321343441354947,0.5875412222211135,0.00022899605370727862,0.09454813092751767
348,0.5196659105496715,0.601780125996152,0.027551204990394807,0.10510668658748648
349,0.5297805350467062,0.5913243382636699,-0.07062741167941299,0.08506437931412382
350,0.5196142950858322,0.586129435109036,0.04562853599915877,0.07074525929268259
351,0.5112958202937777,0.6080773941727449,-0.04861038578443662,0.09280394082469612
352,0.5220208448133307,0.597742003040078,-0.02339749851198273,0.0955690259263116
353,0.5390770614275777,0.6031353316292266,-0.008574774361704342,0.11573901822045239
354,0.5242096453649604,0.610379094331726,-0.022938098843276532,0.10950623163083142
355,0.5251635332025241,0.5882993091599894,0.062305296294608445,0.10946606170810763
356,0.5242444962344649,0.5983161674287278,-0.11530311192058389,0.1090201673745483
357,0.5298071129785491,0.5976541484284861,-0.11964841153900573,0.09861890764238114
358,0.5299387360640295,0.6107194609937946,-0.11093006114664045,0.10144527788465635
359,0.5334551211852382,0.595970633157272,0.028360892746759965,0.09697370392879091
360,0.5031600429279961,0.6006982648989427,-0.021418991013203156,0.10554146153095367
361,0.5321496933000677,0.5975442306832804,-0.035994431579935246,0.10548570218721853
362,0.5047455582941844,0.5965331509246353,0.013551952111333629,0.11547394413446706
363,0.5284527765495767,0.6026815997601719,0.1441203946830319,0.1111997184015679
364,0.5234013441973862,0.5819824795006068,-0.026003404226441998,0.12847805090478828
365,0.5364955428308104,0.5983445252867227,0.060918845550163955,0.1257537162153865
366,0.5227848917096115,0.5989318631253691,-0.00436514913765676,0.13477218300885252
367,0.5331604706193946,0.5936238762865791,0.06986934427310551,0.1451741114610875
368,0.5281772603080626,0.5984793928119957,-0.04065350236067915,0.1562081248939536
369,0.5421278260615421,0.62425890060013,-0.0005917839602098338,0.17047648070985488
370,0.5274115111593893,0.609056260140821,0.04556456199357288,0.17440347878930532
371,0.5380575888836988,0.6025205316889674,0.07372621468745647,0.1796555490707582
372,0.5338996026644764,0.5952289186431823,0.0522958270822764,0.18758202736527033
373,0.5367028843993357,0.5947659126772018,0.013963594710625929,0.18207087973627611
374,0.5589532416295674,0.62296441390894,0.013834509388437872,0.1657607663431807
375,0.5385956418246854,0.6033382169897088,-0.03811246083544881,0.14396383067389532
376,0.5443908530539524,0.6235243166083086,0.035710914174786626,0.14520105077013334
377,0.536777644863331,0.6069945013481581,-0.031201450190816608,0.14327586161887948
378,0.5363696896639061,0.611760845400406,0.10727805064590148,0.14155324702579597
379,0.5230978926663562,0.5952971518466026,0.04997251663128427,0.12941751271081434
380,0.5141508750947902,0.59543079049418,-0.03872945912761447,0.12835219475540235
381,0.5344260411748081,0.6175990856056551,-0.10845434096890494,0.11526975227087956
382,0.5330349253866803,0.5962164913514483,0.019384903304213722,0.11209280678309967
383,0.5278568422104714,0.5991841186499287,-0.01510711839851019,0.12958523940319366
384,0.5188062249736936,0.5984114436900748,-0.00607429163739695,0.12711939146548704
385,0.540463225266292,0.593675093095833,-0.022811151335551998,0.13879383938963374
386,0.5449337311819099,0.5800178750370031,0.0190642753736218,0.13531929605671678
387,0.5423253050639693,0.5993099239541673,-0.0041580799494791085,0.13231234458882934
388,0.5302757388034934,0.5979987218768855,0.0014976031244246998,0.12700435657041984
389,0.5274689622260972,0.6052946507838959,0.06870141563532783,0.12662739518993638
390,0.5414097086211908,0.5936895730994699,0.055222015017443664,0.11202482209637311
391,0.5305054682520038,0.6038643392858771,-0.015019012029335622,0.11942127408537301
392,0.546231294242978,0.5977912542637189,0.05345752514588961,0.11541893509896549
393,0.5254036975559938,0.6181178266083636,0.01502674424831776,0.10212639437271237
394,0.5208563797089752,0.6194660027917887,0.04462398747408207,0.10708296793683361
395,0.5304510726883654,0.5997419654110769,-0.11364046309730846,0.09752774894646443
396,0.5344164880201401,0.6190463629385033,-0.0678463467458608,0.09931316491607846
397,0.5433117258543468,0.6148039047408766,0.00797365125875453,0.09918629222037782
398,0.521147190752478,0.6015472440269247,0.12692044392935092,0.09411995376106363
399,0.5121614319930846,0.5865360722450906,0.010288566426265593,0.08455293630748177
400,0.5046544295689234,0.5938700505137706,0.03402502520477767,0.06597775312754564
401,0.5086329659324458,0.5959178766271747,0.08802629579326626,0.052743475796549026
402,0.5244664940082374,0.6100693782468647,0.01405410346482965,0.03754419273086549
403,0.5071830881285486,0.582450387031241,0.022646643578937812,0.04718301282302723
404,0.49921135658439014,0.5977501820771846,0.0336530106868342,0.06226248129930106
405,0.5013468462089263,0.5879800226233473,-0.04677329689851087,0.05275923953027614
406,0.5106401628288484,0.5822929247694568,-0.06506919732801064,0.0577158016124924
407,0.5139204707952076,0.5813520407650852,-0.00496409349293945,0.04178674768645499
408,0.5146387100231297,0.5874275632666148,0.030977032745160865,0.02844628165786958
409,0.5153562695972566,0.589543722247004,0.05070452436191723,0.011352746518144033
410,0.5123052368682043,0.5762028206409735,0.041451654261864125,0.016076197982780694
411,0.5095206071666586,0.5872121404277805,0.023852876670488226,0.0014632860876323118
412,0.5101759594400822,0.5922849974362987,0.0331215922568845,-0.006359037300721077
413,0.5145166399659947,0.6007108626917772,0.01251434669043042,0.0036451917383485723
414,0.5100940186280327,0.5795538230277789,0.03310348131914662,-0.0012594406032239882
415,0.510153220022863,0.5865049125885503,-0.00464844668992912,0.01940330149349488
416,0.5096885241946354,0.579985362710282,0.02488188399824309,0.026379388107181483
417,0.5000510328364505,0.579970102963016,-0.02275544092976844,0.027882109273136245
418,0.5133593100130777,0.5849615737529609,-0.12619591956904766,0.038695871841483105
419,0.5180175491499731,0.5831213946343197,-0.05596132584425508,0.03499602196910144
420,0.5006773732937013,0.6009239749053406,0.010961678487172877,0.029287761500486783
421,0.5145795854660087,0.609168487635055,9.49317894861386e-05,0.02827175899433726
422,0.5067703199955768,0.5880100056243518,0.07588224880555701,0.041800591286213475
423,0.5051205692573829,0.583589637448181,-0.028078928958941485,0.012848971801187227
424,0.5392739266231803,0.5984287432269807,0.03464126123519605,0.017080092034741284
425,0.48728897504027924,0.5955223658632507,-0.021460608287831032,-0.006647916585917232
426,0.49586952963413256,0.5841919565078043,0.0803378415500101,-0.013483441320883076
427,0.4903579055761439,0.5938768628281181,0.027700485334785415,-0.015103697081858325
428,0.4911766103981949,0.5939912420889581,0.04642494232827169,-0.017330784656903016
429,0.4745776900014762,0.5704722153717143,0.0514925454727296,-0.01826520760499955
430,0.4916083072564045,0.5965970255992458,0.06741113319523652,-0.0196245777114701
431,0.48612343982342326,0.5712165529431179,0.009607225705065866,-0.016791294501100253
432,0.4797033218810297,0.5923894388447145,0.0947336866143667,-0.0017623691662387794
433,0.48755597964085007,0.5976934738968273,0.005208957239232424,-0.009263057739146164
434,0.5011475071861894,0.5902895664789424,0.0484901460583516,-0.013970906988506398
435,0.5039707768212999,0.5588576891592592,-0.0065490066981210475,0.0026265995598080427
436,0.47572168297596173,0.5869832808144626,-0.03414404139894284,0.01000250414112571
437,0.5292678334617917,0.5693722164062059,0.07055630538722375,0.01610607901722847
438,0.5110081886520933,0.583139097383681,-0.03830901483030189,0.01192239597627719
439,0.49770280420142676,0.5748077359712762,0.03590316172508264,0.015756690083890024
440,0.49125019737553394,0.5798558553526658,-0.06638876922482563,0.030226973983074796
441,0.5169297416468526,0.5969966421945119,0.04263016530629393,0.03308048852363047
442,0.4998743198636569,0.5993543824174314,-0.02348756391282215,0.035403074783589485
443,0.5230630357678416,0.5901617069591126,-0.004232246034909227,0.025440945913943247
444,0.5163413063687631,0.593807072905582,-0.007754939128087197,0.03789120954874759
445,0.5026530726399037,0.5912821640672757,0.06608766300430607,0.033713094279874026
446,0.5085650892832535,0.6024696159632996,-0.08016878884112744,0.030703624548358902
447,0.5074381066803761,0.5740851318956468,0.04506943874958768,0.0403334115860796
448,0.5036131516393576,0.5976891179171289,0.05164587080441896,0.04143675993562689
449,0.5018769777777939,0.5998893957091265,0.025680574541007455,0.06730912194832536
450,0.5188224798715738,0.5901566726259178,0.011666613490204161,0.06749010870113913
451,0.529303046782411,0.5946363212451908,0.02332623786060655,0.06237864512703159
452,0.5114827018759203,0.5870722269491477,0.000870432269441323,0.06560483307617924
453,0.5145362154617068,0.5896461359487049,0.011101428226495503,0.05520120984332859
454,0.5138589004283656,0.6160330727548664,-0.013197080848731557,0.0519255191096233
455,0.5145198344726828,0.5871367740633213,-0.010985395569897619,0.039917829224545724
456,0.5036106887414431,0.6110081556364904,0.004775633117008725,0.048220245506746695
457,0.5186696851195024,0.5783457252664983,-0.05086612314880123,0.05358600641367188
458,0.4912757729285167,0.5753171618919202,0.0032514983988000917,0.05728488826241139
459,0.5261216006728892,0.5978506392125027,0.0442996949528533,0.052721727408614145
460,0.5196995033681406,0.5963644114423545,-0.03185870538302947,0.047191705560771444
461,0.5073788336649641,0.5911476162185412,0.041389009377824734,0.034640714002276585
462,0.5010385811530341,0.6034150228003123,-0.06863105618402623,0.030952365038185634
463,0.5109655231492187,0.6007928978864665,-0.020859262094972422,0.04658049242260697
464,0.5138027837280736,0.6011669098181793,0.01534539984711664,0.0670212401965031
465,0.520524942642348,0.6044110573082262,-0.06536965619911252,0.08823513320008322
466,0.5163939864623854,0.5968461169821595,-0.002679639309592417,0.10511557434839414
467,0.5313252834687545,0.5771233400590959,-0.025153453288669393,0.0967490780228079
468,0.507222948292598,0.597705838994719,-0.0019286263118260556,0.11099794776409924
469,0.5240591413606183,0.57610229515223,-0.020543316422211882,0.09759977842509483
470,0.5396139256025445,0.5987945681759149,-0.005988152407161232,0.10443048110113945
471,0.5192719860783449,0.6110432509825108,0.05147783603481179,0.11326619607031935
472,0.5351617684833179,0.6078578562868349,0.05911111838405773,0.11488225899569891
473,0.5274400362916855,0.5786503097008047,0.033400888206944174,0.12766170809979666
474,0.5278497672490768,0.6049735307671829,-0.05966622316605279,0.11677573553990243
475,0.5497374268871092,0.5942188304791809,0.09116909276077156,0.11655236874417155
476,0.5217253247866144,0.5902169027606909,0.06582355667922711,0.10008847168598997
477,0.5177443646715975,0.6021052228037579,0.0995896455287645,0.08791468133065594
478,0.5320489280665831,0.5909203679721251,0.10625338812089252,0.094155441001497
479,0.515508978732948,0.6236319913360142,-0.06886391950728221,0.10637032064129491
480,0.5178241047065014,0.6114700677609074,-0.04877205190457059,0.10027151814765985
481,0.5265248752728605,0.6037569949877064,-0.03194510249985147,0.11299702540799152
482,0.5330642403058625,0.6070112289611127,-0.011079164564447129,0.11125774877531894
483,0.5480432530342064,0.6119225673555945,0.06827210796474806,0.11143691490432953
484,0.5232148499717293,0.6033064006072277,0.008963711223405144,0.10449012992541516
485,0.5259240061793282,0.6127793702186882,-0.03130465405772156,0.10376158536481246
486,0.5333116799893995,0.6034264899382398,0.024691366836541377,0.11519324666538132
487,0.5187574367143234,0.5887448922537475,0.03876991366516496,0.11192542487530543
488,0.5242553219471725,0.5987625036143323,0.01014251856402909,0.11125178691193138
489,0.5552717793564111,0.572934044869453,0.013542255018309865,0.10075771749599793
490,0.5203425535728313,0.6026541955569582,0.051290743205714195,0.07814527382796267
491,0.539580738239731,0.6044823029684996,-0.06763496820278085,0.08284860985742792
492,0.5099710417673051,0.5910488081637544,-0.0220967190132059,0.07744970744833225
493,0.5235091986449423,0.6067627794644189,-0.04537886017450038,0.0760629382908515
494,0.5047467403471616,0.6090672150399177,-0.04409406169936775,0.07428705190817678
495,0.5159334230864092,0.5723533817416342,0.03908401098192406,0.06028159830044679
496,0.5141731825088425,0.5798425594833527,0.014978375877130015,0.05778568513952922
497,0.5233192682564245,0.6271144596081413,0.02394010166852857,0.06697593152527044
498,0.502868101416077,0.5906194641607635,-0.0992845583634113,0.07819917274616471
499,0.5221261682588342,0.5957682831593546,0.09902749496975248,0.07952272039578649
500,0.5209704318254252,0.5988324534491234,0.12013173362875057,0.08098984661098288
501,0.5336918754672447,0.5863017217071272,0.040576930024252965,0.07120594406291646
502,0.5058804480250353,0.5938506902128662,0.064475609682776,0.08982045320816398
503,0.5232168174836956,0.6070441806204883,-0.014382488099484746,0.08553733312280348
504,0.535218097190341,0.5895418556012946,0.05637071343779343,0.09025027955648642
505,0.5233145320954227,0.5960246891259974,-0.019782670372319143,0.10182075964302552
506,0.5200839481237368,0.6168120132652533,0.03880509426468441,0.08932492552665817
507,0.5183584069132586,0.5799826780853979,0.05759947679452799,0.11125182582320288
508,0.5141642870463548,0.6048528552235451,0.03006444066839812,0.11164445316687836
509,0.537806646110574,0.5869554594836435,-0.030372541658046162,0.09838734414880439
510,0.5156235426017705,0.5929619343340675,-0.0404682595144354,0.08642065368697652
511,0.5277250079200121,0.593484017786551,-0.010098013575417621,0.09141081225467806
512,0.5318072926513387,0.5947914695832099,-0.05627315730720775,0.08773523728924192
513,0.518616476888669,0.6060058221613672,0.019117096053824844,0.08704697880243874
514,0.5179298749322216,0.5821637887634465,-0.03648838560325154,0.09183227061877682
515,0.5258284821108712,0.5989937197962777,-0.06460145752639969,0.08799992873965003
516,0.5327540561493048,0.5879158168615851,-0.0010218188719126695,0.08675139610264171
517,0.5426438222642549,0.5925877286645085,-0.0019429160730476142,0.08907716091675096
518,0.5301922598001335,0.590108761512953,0.00902129597152585,0.08468063199355726
519,0.5083322682631042,0.5780248797152582,-0.034940978651787545,0.06489295552867005
520,0.517024806620155,0.5995567079839349,0.03505263521191092,0.06583948640995337
521,0.5276510985370242,0.602343171343045,0.02875476449471148,0.06314214684032061
522,0.5029502562701444,0.6036839205445439,0.029391034148149947,0.08409102694435525
523,0.5110868201450495,0.5873072469830831,0.06016158518093559,0.10106732898914497
524,0.514290818056795,0.5904220673309054,-0.051120840730693964,0.11301470505388671
525,0.5175165923551459,0.5774375549840045,0.002436746944937552,0.10900953835934186
526,0.523017272357457,0.5774100684705813,6.448886771529862e-05,0.09876524324850235
527,0.5173654581928899,0.5921687121457476,0.017827437618784324,0.09343554657925089
528,0.5234435133635956,0.6012781422345269,0.038046110398007954,0.1004397187216229
529,0.521734832223338,0.6017651139851967,-0.027254709461482417,0.10931370768639581
530,0.5111724346036767,0.6124841316279246,0.05194055140095591,0.11386597481946421
531,0.526403176012349,0.6065503537959541,0.039140196942043674,0.10250275925367092
532,0.5430491738426281,0.5896182977387238,0.0169073720288861,0.10292475520800962
533,0.512324599319948,0.6056836194735247,0.07666127092935825,0.1098442844295035
534,0.5369529753613846,0.6122473143030751,-0.04289536453601548,0.11095998835820244
535,0.5347834510722591,0.5999833187645784,0.09013829273466112,0.10446546480958017
536,0.5321302627479917,0.5802596299264939,0.04081573525640294,0.12897839853777301
537,0.5265666894585239,0.583188397718623,0.0378823732629128,0.11914838415722057
538,0.5267490757385516,0.5957556429107184,0.0016346800583525653,0.12626685400182255
539,0.5314268472597184,0.6073970976002526,0.12362896880046133,0.10427662750420848
540,0.5468091357579825,0.6064830464709157,0.0035938518178539255,0.10438518684333321
541,0.5311290530427271,0.5984901088922532,0.0754266378633767,0.10725620856194541
542,0.5225260467014876,0.6007135605979549,-0.09249032577219371,0.10959479372654557
543,0.5178866589673556,0.5895068719354541,0.13598713963032014,0.09087508972310213
544,0.5265131799018336,0.5913986104421217,0.05819117847814067,0.08963995945262623
545,0.5215045313989498,0.598976387762424,0.08548836384408795,0.09567932379192791
546,0.5057491968958165,0.5928781887990202,0.025814029753097753,0.09998726134711503
547,0.5435673770129515,0.5983228047064225,0.044538751659848025,0.09873260721906815
548,0.510345747215887,0.6060207948194593,0.10540901263817257,0.10901067131478952
549,0.5356145688941213,0.5928875829901435,0.05856773563516757,0.10000758018172912
550,0.5072524802172924,0.5919399547383051,0.0034316531335448733,0.07671056455276022
551,0.5280805732625116,0.5984237862254165,0.016557501079594784,0.08901071232037124
552,0.5135761681422892,0.598136967297545,0.019420614437254992,0.09652780345564325
553,0.5172189659288673,0.6073405212707039,0.06556576302404807,0.08968141371747142
554,0.5472319375047855,0.5910930273873548,-0.04268171119446513,0.07779732713826974
555,0.5128553777171343,0.5990246997816325,0.07930346324444455,0.08971399616584944
556,0.5403617194271431,0.5916580104896454,0.014175514724740889,0.07637826554265893
557,0.5287698330994031,0.6087621691869938,-0.03939057385501123,0.07834960954606933
558,0.5223191865103702,0.590763057363708,-0.09959037577311451,0.065869509620069
559,0.5239767257679556,0.5939054982996674,-0.024753565155024554,0.05510727870334476
560,0.5122837143756634,0.5806301265207733,0.0696799944781246,0.05789631655651365
561,0.5299541895207702,0.5930041148856746,-0.014264290751920192,0.056105078224602964
562,0.5199711159604486,0.5973679420202316,0.057703641610147974,0.049336878300672904
563,0.5228360344140804,0.577874359527514,-0.10804911271839182,0.04659166274083866
564,0.5239582553232055,0.5974423408126807,-0.05620956076771656,0.043473780704137564
565,0.5141592238571802,0.5991553461197348,0.03134242733279597,0.057714300461117876
566,0.503092950510608,0.6132531986050698,-0.030619700999622503,0.04832429488315119
567,0.5225277410717829,0.6085676054956721,0.004859086441867449,0.040039207547748736
568,0.5004667429778394,0.5729492617374311,0.08873137696267158,0.053549928982781526
569,0.5150459758312624,0.5998470307210291,0.1470020990130402,0.061362199440269855
570,0.5047130403745705,0.5848340105452793,-0.009472961101674969,0.05707996362731224
571,0.5235508788193616,0.606087941153257,-0.03736424586214773,0.06359431686708748
572,0.5125933594004755,0.5975752170337865,-0.04012312241194052,0.0674163881971304
573,0.5310436937400436,0.6114586516685208,0.0577025356878265,0.07573924411788847
574,0.5110530798269937,0.579534829912407,0.005753744113937843,0.05987000064888206
575,0.5000222215045232,0.5938460076483166,-0.0067215048590240824,0.060835891488141974
576,0.5199847136047295,0.6044577523925603,0.04042925710379651,0.042378619440904534
577,0.5046461761775566,0.602155374358729,0.015181385465793654,0.05250716319031253
578,0.5031990853506311,0.5867636014618253,0.05427370769036518,0.056902159520438776
579,0.5173873697267758,0.5805763640849698,0.030551589114627492,0.036397984758413195
580,0.5196793760559041,0.6054971783370168,0.06126488660144101,0.024641135619201487
581,0.535334001604532,0.5979904070708753,0.02305227252682055,0.04372764013005562
582,0.5210455702475837,0.5965275111736187,-0.02586726958016401,0.05010859888249687
583,0.5104527720033932,0.6121860083805466,-0.09622438168580455,0.04720003479821457
584,0.49582816243511413,0.6137100247524602,-0.030245445619542715,0.043832692457919695
585,0.5028906190654463,0.6020463370576409,0.037988155783252396,0.054653564055450174
586,0.5144480099145898,0.5985559952975829,0.08376026312671306,0.07231593875957538
587,0.5129345512699753,0.5824180727492361,0.043459942285753846,0.08103630599270817
588,0.5300961768431611,0.5841169650092428,-0.000660947150013769,0.0736154918179825
589,0.5223087120052774,0.6027980366133465,0.09058569376967127,0.06682299628353847
590,0.4964556914730155,0.6015922240997786,-0.01138947880072437,0.06323759261650473
591,0.5102252696302787,0.5947765814878995,0.04487137420470715,0.06170022521323681
592,0.5116101696955846,0.5801697470326173,0.025819222400311544,0.06531126248530582
593,0.49552295471963564,0.6093957762035682,-0.08544420552827241,0.05511252990185748
594,0.5154215650328087,0.6059457036336158,-0.004247729392897217,0.04426172349613107
595,0.5083563963066277,0.5968685698191807,0.06437165436889657,0.02677636210869846
596,0.5075922635197834,0.593302448160431,0.10527864341036006,0.023194321964842456
597,0.5172361469815234,0.599211021207015,0.038652836972054266,0.01284039623335196
598,0.5085093389246864,0.5817295748609635,-0.08620905318864942,0.015749299534638994
599,0.5032073354650701,0.5743660700529296,0.004023496135475866,0.0425278181174904
600,0.5184580348473393,0.5823033875581667,-0.012585330034725178,0.027060690722092298
601,0.5246662187924532,0.5817096835527331,-0.0647758649726023,0.015974883195334657
602,0.5152944860515881,0.5893530769504306,-0.07103906811944782,0.0337860314297313
603,0.4971541452458327,0.6075074173589929,0.05134958763898696,0.0416094976097778
604,0.5023589601155171,0.5877653970162151,0.09264879746998887,0.05482308362460152
605,0.5076821709551602,0.6013937129638133,0.01782560082135119,0.051754616839939614
606,0.525627039604537,0.5803558689789905,0.06519848455703989,0.05842291716007148
607,0.5108685423605503,0.5673422606402293,0.11903501441064387,0.04253136682394389
608,0.5131933566079757,0.5989241646011685,0.011683026732694984,0.04227037254828868
609,0.5133148361560432,0.5974106800156913,0.02540748984007131,0.03438648095936293
610,0.5142711300085622,0.5851061150450917,0.040059952861895384,0.038647331401704975
611,0.5013235525727762,0.6003090077845643,-0.013231022858330378,0.04268860562767765
612,0.5110547646931818,0.605326687648563,0.08073407490174116,0.04243446277365663
613,0.5041898331143436,0.5954414511902852,-0.030651157852729417,0.03731387048216651
614,0.49945513067897135,0.5899458477911582,-0.053944517838331194,0.04074542563092777
615,0.5054295846190469,0.578836222903736,0.04950106256298061,0.0475557959967971
616,0.5034419386661498,0.578713232229336,-0.05259454209168799,0.026530083242935026
617,0.49982146498069546,0.6076691728801447,0.015630130141560655,0.025885910698800932
618,0.5064804545034718,0.5956842256516393,-0.007880656601473223,0.029430240804047086
619,0.5139195197281168,0.5886738316551918,-0.05084674692680881,0.02181124671495389
620,0.5039407892926656,0.5781660166082575,-0.0259633349109648,0.016616374132511387
621,0.5135100293247181,0.5950213935979256,-0.09273218454892691,0.006707865838029654
622,0.49533559943894473,0.5949911744817236,-0.009815927373696671,0.019002863602787124
623,0.47846895136588363,0.5875897797961985,-0.02867850102752681,0.019856522975556776
624,0.4991151970309079,0.5742798627175512,-0.01996337433823495,0.009036062001966803
625,0.5120467525895341,0.5990733133556188,0.07223886392684632,0.023925375495972113
626,0.4827238517317798,0.5907366399817726,-0.050753856682867894,0.03839581134197268
627,0.506190397133436,0.585481971381775,0.04681656706755901,0.0392774111875218
628,0.49590607397340414,0.5796533292552696,-0.023213936419027584,0.04028558707955834
629,0.5190554177318435,0.5817774840333286,-0.010420786204881736,0.029154676685088886
630,0.5144710966094275,0.5778381919012642,0.043227424750522686,0.02743652716391184
631,0.5091677509325367,0.5852991203574274,0.022976813972725545,0.01923685570868273
632,0.49302035313873216,0.6024920518082463,0.005272228112479398,0.04269975728699278
633,0.5114783435172683,0.5849193325486315,-0.06383505243023639,0.03319664684976825
634,0.4881485203944255,0.5903124522246618,0.041021540360992106,0.01418142874169411
635,0.49434434543288575,0.5921570538411525,0.10149693591329308,0.022944376920631872
636,0.5019460446384014,0.5702081800818125,0.08437611738881842,0.029366560214464942
637,0.49926059796993244,0.5743416487220466,-0.0021792296365182075,0.04096918421879832
638,0.5036050224909411,0.6134224154326325,-0.033680942088688666,0.04890144901205358
639,0.5111128094689038,0.5802028248004125,-0.055936538660063345,0.050481137713644854
640,0.5109494499123531,0.6110025041198843,-0.010030515036553242,0.05172706398229581
641,0.5118002340298812,0.593446713475386,-0.06318891312548391,0.05062014284961354
642,0.5235464064137539,0.5901029401810343,0.046705732698912976,0.03482116841248531
643,0.5021079669376975,0.5826885838156959,0.005424639233248202,0.024119856824628604
644,0.500401134180507,0.6077836428820711,-0.025540550947389634,0.01981220283957469
645,0.5287176144050842,0.5794179983405752,-0.014741026817178335,0.012253711467700905
646,0.49052375571545287,0.59102963610635,-0.029687453429191404,-0.0021495344435002134
647,0.47254572676944356,0.6014724213916114,-0.04339818605436851,0.012645895735912047
648,0.5122772355105571,0.5877246627261299,-0.056837850317358954,0.024754317508772956
649,0.49751425222460527,0.5751990698469744,0.03774444986343471,0.011632370560506814
650,0.5116971717305863,0.5883018315799283,-0.05581775844117799,0.006670324986189277
651,0.504463462968443,0.5759704622311694,-0.10658630071650424,0.016941580445712347
652,0.502529196111706,0.5783828083299766,0.06256308677344478,0.02149802485161642
653,0.5108495115428997,0.6024740043159628,-0.01346065768909669,0.020681855740840624
654,0.5085185179287404,0.5862237669680115,-0.06486563641729523,0.005605040692092802
655,0.5022745218244655,0.6090173619676795,0.0005498126164849379,0.0007852376449513656
656,0.5045109064038247,0.5868603277643705,-0.0677294861400488,-0.011685913685483152
657,0.5126740805962495,0.582771306771335,-0.003476333748696775,-0.005406745276740097
658,0.5019029568291848,0.6069742655971746,-0.007453242647957067,-0.001814392958688725
659,0.4905188162675516,0.5946956477496144,-0.044375337080570565,-0.0288468784422432
660,0.4890383213451701,0.5690810564903668,0.03334580426519769,-0.017519511021696004
661,0.5038837478374175,0.5814629524097034,0.0020711573674781483,-0.027517173965858694
662,0.47290586299965404,0.5688045703914133,0.05205559578217851,-0.002607975238460943
663,0.4819343260645611,0.5902864301560187,-0.0376329016305041,0.002287296488386509
664,0.5010676056622347,0.5703704823816806,-0.030823748560006477,0.013277983598968188
665,0.4956940042488475,0.5794607376162846,0.016728234933611183,0.005389260424467316
666,0.5115594605625151,0.5800590437612566,0.012749982185460812,0.016682375524768655
667,0.5055366279057455,0.5762116147713074,0.0946960608193528,0.02652044533951264
668,0.5011164484609746,0.6033136717242875,-0.09011162390457826,0.019539698881159133
669,0.5204338614523939,0.5768987830546632,-0.07512303011731121,0.025111087113404124
670,0.5133520939088118,0.579838854230962,0.1045740406825108,0.02095691933847973
671,0.5112491754815917,0.6098714592855632,-0.028665350461942494,0.026705714411976316
672,0.5141826735773924,0.5788991290577481,0.005982275638958869,0.028659224310414302
673,0.5035951947360581,0.5937307319183598,0.006700310537163686,0.04155172273341253
674,0.5187324227473415,0.5946689425233712,-0.030958614678209245,0.06198098589738579
675,0.4982665865894791,0.5905965576627312,0.02056782367218979,0.05755203464695255
676,0.5161564622767415,0.5819285052179108,-0.00013626047181214754,0.04759177360565312
677,0.5049626339786987,0.5814089549194998,-0.05489498437114941,0.05874119872140112
678,0.5018235281215832,0.5900888669113442,0.01727892223905353,0.07641503824923665
679,0.5062637091831632,0.5856646844388952,-0.013794793790684814,0.06990473025675285
680,0.5084532626546063,0.5798985008361859,-0.007897597677404024,0.06059089486629452
681,0.5350318829686949,0.6090600860278128,-0.03469640058978411,0.07478391071899254
682,0.5063270657065868,0.6078602933054484,0.07925447741999184,0.07364895895582249
683,0.5132735371604259,0.5962714948075537,-0.09479872700325273,0.07383154524443321
684,0.523824106518511,0.600819584137449,-0.014274118500959321,0.07630518283242226
685,0.5253474134447459,0.60302026609578,-0.0062727468181447,0.08577670899115217
686,0.5309560165073788,0.6035046241379217,0.08113857367079488,0.08914609975241403
687,0.5272801545944263,0.5940971479531731,0.052418507457801584,0.095800346354265
688,0.5530993599255326,0.5977760588183112,0.03838512464759983,0.07924792072147477
689,0.5103498990086768,0.606221114196581,-0.08292414016413371,0.0720496474606305
690,0.5097647401436012,0.5961003707840906,0.01574478849169388,0.07871944188357428
691,0.5276040315241141,0.5800681565672638,-0.05512531076065729,0.07053077775369294
692,0.5209266474384382,0.594842966556158,0.047366295726175164,0.07253765391012865
693,0.5243799905012252,0.5924758416084983,-0.10493975473295557,0.07677573737436132
694,0.5219448434708647,0.5980999627813169,0.030320873840289357,0.08294099514470524
695,0.5302217108177826,0.594668012516433,0.02843157368426038,0.07500344544913905
696,0.5238750117371225,0.6061458656666776,-0.06163721696871317,0.09752751168213347
697,0.5028566116120208,0.5869524794788152,0.0059753283617513175,0.10052474707872833
698,0.5076449078969845,0.5995708182256019,0.13391495027053074,0.09887611093014051
699,0.5280647587684031,0.5829775872578652,-0.03863637112138637,0.09457103468161553
700,0.5301582467211441,0.5869720364205016,0.041634175683617006,0.1013288578980354
701,0.5327960307306195,0.6083565702901244,0.0013795007556872112,0.09990616341971965
702,0.5084035932354891,0.5955382063766252,-0.0367553735184705,0.10845239622040917
703,0.5217665717858537,0.5871034992777326,-0.03108450549178464,0.11483345377567133
704,0.537478078219748,0.6023437744732877,0.09501313544374415,0.11935451524590365
705,0.5270807095276571,0.6068510800990322,0.006217948006146976,0.11525828701542344
706,0.5363763928916923,0.5936066147205884,0.005166030975624811,0.11007926639534533
707,0.5289627149964738,0.6022553566855751,-0.009420974214840193,0.10085561086438873
708,0.544011319118589,0.6071810168448222,0.012651152732745028,0.10802705920779689
709,0.5234544162077739,0.6310177483356276,-0.010951459052062013,0.09519640195476545
710,0.5358994511061876,0.6069521603661424,-0.005457575245290322,0.08713241614889977
711,0.532789137589117,0.5815594001767278,0.030649167638033104,0.09034457115690059
712,0.5196611846991488,0.614046718243272,0.0919567350165549,0.10373577115129243
713,0.5287124862523189,0.5909702487964386,0.052873676258641415,0.11469580338372887
714,0.5316575606160667,0.5901705468760983,0.08126067357125201,0.118777251169465
715,0.5328773352511388,0.5875986043249316,-0.059180120797186514,0.11925698474078912
716,0.5124465636344517,0.6026602867746087,0.037132441871169694,0.11448498243227369
717,0.5236472624624119,0.6052823403804704,-0.003919035705631024,0.10098868860960385
718,0.5365143739672955,0.6098351777758915,-0.007615732463021947,0.125885228558892
719,0.5491436325712471,0.5983855505663663,0.06974674503258403,0.127206424707581
720,0.5280747508403595,0.6019928093190969,0.06623940014468595,0.12928808276594428
721,0.5309818910001551,0.6044816695244242,-0.018042555469231697,0.11810005739257573
722,0.532969068302915,0.5844062691669332,0.03869452104973721,0.11678256291624088
723,0.5129862367551175,0.590252804208466,0.030926273072164927,0.11270666127504057
724,0.5258738268032289,0.6084801735419687,0.020313211471979828,0.11439072157872578
725,0.5263680131704648,0.5911824419103078,0.052682635346776197,0.12193538292314475
726,0.535570476165392,0.5907509002932768,-0.012475450811888906,0.09990068928780398
727,0.5295115707140604,0.6018225468420878,0.021808220679047786,0.10836729310348431
728,0.5481337157018624,0.5945942126852701,0.008912098501042414,0.10908791051974376
729,0.5557822106135666,0.5852838833388581,-0.08203261323842177,0.11413343757085767
730,0.519940206556027,0.6096895791371706,-0.09076636333718031,0.12907786598172483
731,0.5205178085005059,0.595705513430634,0.02361188165528546,0.1177098805932673
732,0.5345355836422966,0.6048884832520013,-0.012128857591237096,0.11371854756061171
733,0.5237889816918065,0.6029851702582012,0.009058346628270835,0.12032721930067307
734,0.5379271885664583,0.6002830519736688,0.02587097688717385,0.1250009948330928
735,0.5154865241989299,0.6013527440354016,0.007037863673206706,0.13712844148764333
736,0.5356103078388507,0.6014943871812538,0.04089783465146244,0.1308485505766453
737,0.5418985397571408,0.589164577283483,-0.0027297164982000993,0.14409067072667836
738,0.5294310312906333,0.6080470020283071,-0.019590180334764562,0.13847539881024207
739,0.5319430253440142,0.6025059452972876,-0.04993262871391086,0.13447491365264783
740,0.5212242257160321,0.5971468723264688,0.006997581216437735,0.1423914592228163
741,0.5237281388797076,0.6158229282358648,0.039448576194595714,0.14766740308744278
742,0.5416949921715593,0.6108788315629896,-0.03948486264831954,0.15741777025099601
743,0.5449644209622644,0.5922644057976278,-0.03457126930258888,0.1428097360342611
744,0.5430288720262234,0.589467313325032,0.08913155579920534,0.1576825702061995
745,0.534614687702174,0.620994832347279,0.1517080047090498,0.1663361089582866
746,0.5488589201654068,0.6238442419779484,0.06996885525842597,0.17015064305411698
747,0.5413037743492171,0.6060486982457998,0.11221138763182081,0.17722209050224058
748,0.5501330106218397,0.5947366961222744,-0.04421545447583465,0.16126418147940125
749,0.550103599551711,0.6192300243338089,0.09496366266905701,0.16538219452580993
750,0.5357467266349737,0.6200700835563444,-0.06980843997270128,0.1724691191013176
751,0.5545330184709343,0.6001918909783936,0.021105596603150263,0.18558742405069226
752,0.5276684922079236,0.6145119234408156,-0.05577617338848385,0.18441482740639206
753,0.5555220843840448,0.6073116552765958,0.046198292522542345,0.18834023200860825
754,0.5267511554323386,0.611591418051125,0.07071993175984714,0.1799976722526289
755,0.5381926194576087,0.6006356848560367,0.005425464029108828,0.18471175737690673
756,0.5438517513080411,0.606862365929056,0.09669553603963058,0.17199813128569466
757,0.5567902402302252,0.6099399176032378,0.05355077810210833,0.17500977262130746
758,0.5589922053350211,0.5955680907401791,0.02585172881328219,0.1765832300001919
759,0.5350038294029583,0.5891882896132058,0.008405154339249231,0.1691623360154302
760,0.5442222126085877,0.6118003424500404,0.06587022070658376,0.17120098241946122
761,0.5531928448972957,0.5906729145742218,0.06817781041743237,0.1482892494569829
762,0.5332651181942167,0.6064893289383069,0.07168926937224511,0.12209181672116187
763,0.5463218674930943,0.6247276538943001,0.027286252592994865,0.11186248541053721
764,0.5489587461734667,0.6189657469206513,-0.0236895503807575,0.10141510669812627
765,0.5274955664638276,0.59963541948804,-0.03694820690655504,0.08105563285189735
766,0.5192105719154216,0.5895157082142448,-0.06623540816451128,0.09578543454780412
767,0.5143919221846592,0.5881553297232354,0.043186600393667104,0.0817457063939889
768,0.5392794057731961,0.5935438098839538,-0.06617309887773198,0.08409395671451149
769,0.5201804229663644,0.6075627780210329,-0.019851344148679687,0.06919663611784689
770,0.5228130260923874,0.5980159832969295,-0.08735027320599824,0.0519254402434346
771,0.5230614884543291,0.5960765207390639,-0.04489416605430348,0.04633211015032278
772,0.5177611015259893,0.6032325074653604,-0.14292885932349472,0.05305303815746339
773,0.5273503256292816,0.5836085681263933,-0.043922869567858853,0.05519040711638964
774,0.5043932956220062,0.5959213546174851,0.1302131322685349,0.06448426262344209
775,0.5056194785065854,0.6024816177852718,0.002068313046818024,0.06545252240895284
776,0.5053310395470719,0.5777742010732474,0.013854024659905756,0.0716852079788167
777,0.525616405145684,0.5904968897609875,0.017394657366268863,0.07936749194362622
778,0.5292363418006185,0.5619754430252346,-0.016549942678113463,0.074957430372255
779,0.5224419641788839,0.5973628488608977,-0.02394578847409992,0.08793705760458723
780,0.4990425448921033,0.5825202134215294,0.06306570372749291,0.09477312907394157
781,0.5269279141342993,0.5966037916462008,-0.08337206294148539,0.09133615073464484
782,0.5221457013329018,0.5921274452508157,-0.001890670710368695,0.08020543122755383
783,0.524617529709416,0.6022009220511192,0.02955756303929653,0.07383438410851222
784,0.5019816702573762,0.5999626263472139,-0.0020003012603521273,0.057257869456542355
785,0.5193525433548621,0.5803167482282076,-0.004128181055705885,0.046350866830737324
786,0.5347394620323692,0.5974818342764145,-0.06005077334772308,0.05351096979613801
787,0.515591165896889,0.590365526124039,0.05984179464853832,0.04599295718276539
788,0.5068516212748461,0.5950788350926939,0.10999941591504372,0.03362903314347761
789,0.5217727333380501,0.5990092662428848,0.0024650513019787348,0.0226340616775075
790,0.5091644874608852,0.6073627984190337,0.20226307244173303,0.0385180522096329
791,0.4989128402613072,0.6051289030402482,-0.05707499128624206,0.0474107859352962
792,0.5111179922960815,0.5858763561795877,-0.056472310398969175,0.06578602576921709
793,0.5170285469409842,0.593534522442873,0.01648343002146426,0.05520369266964913
794,0.5277098432257665,0.5957631107374551,0.0016019303208636062,0.06947238008412081
795,0.5046550031232511,0.5803404019439411,-0.047868384358430625,0.0735445954438463
796,0.5246596061331391,0.580759056578698,-0.03549538060934122,0.0970471830277276
797,0.5160096751329171,0.5861414480186518,0.07808579322149103,0.10504828206313005
798,0.5216242483370885,0.5945330022830446,0.04256249211366253,0.09824643755591494
799,0.5173313597747294,0.5951339282577461,-0.034579553224849735,0.10097469785710579
800,0.5215408650098864,0.5890806782251938,-0.04740063323602311,0.08506223983530428
801,0.513124676143017,0.5955013141228171,0.03201858535632519,0.07908337402062421
802,0.4939140266014399,0.5844528997974408,-0.038411695483339336,0.07620460198988997
803,0.5018399492609003,0.5847237038464356,0.10391376271175319,0.101230811916087
804,0.5141490678100885,0.5932708687472302,0.015225471662308115,0.08497028354026206
805,0.5282424963094011,0.591229222116546,-0.16726146517569104,0.0879460352496624
806,0.5310080927766285,0.5789694450831437,0.06720704802808122,0.09264791580121189
807,0.5270910106839553,0.6017718486363677,0.060491628745365074,0.10180054859446887
808,0.5203312079864866,0.6031431821957833,0.006358763244868863,0.09243528802796691
809,0.5351849592874527,0.6096728009084827,0.004289403401691543,0.0925959846745961
810,0.5346757026383656,0.5991095222397012,0.031346588491189445,0.09414482875297829
811,0.5119617395937394,0.6064147494319353,-0.011862452383094088,0.09035860930472528
812,0.527707059096945,0.5903966070225675,-0.027948840400846272,0.08242424956369673
813,0.5176045675900676,0.5883964066764499,0.019748548094149086,0.09126949142326655
814,0.529416628006938,0.5895846764469279,0.03577630648815534,0.07911183078143498
815,0.5091301808577691,0.595420264521128,0.05619641845495521,0.0665652253593537
816,0.5134520179821119,0.6025930810341571,-0.0441509002817285,0.07465514404564039
817,0.512126888543601,0.5897735569801317,0.03971884544394246,0.07850748024543419
818,0.5070903798953121,0.6124563318325715,-0.031066355783574386,0.06788652669359457
819,0.5210489003119572,0.5941975668575986,0.06691549711595292,0.08311424561886992
820,0.5049393448503019,0.595427530145739,0.019644572797017753,0.06980257320336575
821,0.5190973733002353,0.5982008328171315,0.027965582263478152,0.06744333064654937
822,0.5206560973677558,0.5966319854058358,-0.08414676425623964,0.05688067147349702
823,0.5129736815200227,0.5898652138940654,0.0057790126893234465,0.06297359745146879
824,0.5413390355015539,0.5932509372400545,-0.028108324726291347,0.05965359609014339
825,0.5160494128300235,0.5936157837610195,0.021528338366003295,0.057617971818803244
826,0.507805710430673,0.5808579204322402,0.06301320218794551,0.06185704326115724
827,0.5097187586593482,0.6058006117462592,-0.02990859458663305,0.06548340206749266
828,0.502443922665496,0.5951519886061399,0.005308326080963429,0.07915570148887985
829,0.5169045227569552,0.5815220121717397,0.03660785181190233,0.07624347392687691
830,0.5304723353292429,0.5831389521449662,0.062154167644982425,0.07028390061024757
831,0.5151243865982891,0.560217449425915,0.043432846117053774,0.052414955104257276
832,0.5124586311820964,0.5801903669933653,-0.08329804835952166,0.053529526970767974
833,0.5142663005718596,0.5993200300562069,-0.08310943393053176,0.047524191996007555
834,0.5187984050372272,0.5732244844500227,-0.018008579599927327,0.040811431459124956
835,0.518096588554784,0.6019642278116853,0.10655415731141978,0.04366835580118448
836,0.5140923475997647,0.5754348089923317,0.008899179787999686,0.04131696392013823
837,0.4964538929320395,0.5838398998457224,0.0340707575011346,0.02539209657487105
838,0.5143625067136312,0.5884281396277333,0.016879460702202143,0.0214606655680834
839,0.506346288482994,0.5860371597145986,-0.09936856010208715,0.02272290828390482
840,0.5048245157310266,0.600280706902014,0.06117922430481248,0.005998573499039491
841,0.5096020120372916,0.5739788413204876,0.002569169145903977,0.008118885185841168
842,0.5184691589705491,0.5864210815033419,-0.022636598699147515,0.01761445522894105
843,0.4950448177093703,0.5849516633694818,-0.019288214048046537,0.010890523917236307
844,0.5009444989781208,0.5953659470476697,-0.01825971440262903,-0.0009923361089922652
845,0.4952262854737848,0.58501935517062,-0.056116129562321,-0.012512048599477394
846,0.4865154823175419,0.5938510109984884,0.006387803408583267,-0.000577622133678134
847,0.4899285211415153,0.5853009453312692,0.09584784997956101,0.0007750122217028864
848,0.48952670014683825,0.5876565507896749,0.0631629584835604,-0.008792312064391516
849,0.5038422970984237,0.612814604906889,-0.019852681769810147,-0.013438449290328117
850,0.48998646543449886,0.593892831151864,0.0455947353936102,-0.013792357000484737
851,0.5050833812421808,0.5954947455315482,-0.035468592098970894,-0.009588041732489068
852,0.4996559116141688,0.583829650864687,0.0691595617536767,-0.011959594631416779
853,0.4943774362738943,0.6015022405704765,-0.04032291226125354,-0.01885942428211628
854,0.5100862570867363,0.5740120539751223,-0.007046809237579679,-0.020270265129441026
855,0.48883509771361694,0.5990544689314548,-0.03991155951613653,-0.010185591124659348
856,0.5114171850537981,0.5989176502749674,0.019186229400352313,-0.029664220703708066
857,0.49425873977431656,0.5811081145051472,-0.0005834726119763737,-0.015129554114981765
858,0.4946187291245315,0.571102938692306,-0.029957458018284,-0.014876260138827034
859,0.49132707109510165,0.5811432083457703,-0.055796270531828764,-0.01529117382097998
860,0.49871616628082144,0.5810281540943394,-0.12230873202949806,-0.020656427310480813
861,0.500957295057902,0.6141071618069649,-0.03324117203853363,-0.04361976008520352
862,0.4998901368438248,0.5997132166750678,-0.060649729001920574,-0.04319819600628165
863,0.4798485607613251,0.5804591920647206,-0.11110008104153617,-0.04501067217021965
864,0.4955283050042604,0.5985902893606392,-0.01702426673388764,-0.04882475390614785
865,0.4945022274203189,0.566031261493068,-0.011007293952323338,-0.04806730895968525
866,0.48812775289767596,0.565425103900164,-0.027461813453177223,-0.05810324210917995
867,0.5016106913806508,0.5893002168281907,-0.029682668970365547,-0.06337617185838901
868,0.4920784673460089,0.5745207682531506,-0.03041731366650074,-0.0750911871432572
869,0.49774563745579936,0.5834442057038509,-0.037008399043021535,-0.07116762695944873
870,0.46063856020494826,0.5869034855299671,-0.024330942995196447,-0.06794295598823416
871,0.47479232295148543,0.5853205654262195,-0.011760307438421581,-0.07730205712030914
872,0.48618971795676136,0.5557794229857027,-0.010597416945757561,-0.06701069795677153
873,0.4809746369235891,0.5640718482693068,0.03769501715241831,-0.06736876580823836
874,0.5023929606080715,0.5668959053972233,0.019077669191963943,-0.0635123018415753
875,0.47748584576638003,0.5755156337850925,0.007181692121880466,-0.06586128948114908
876,0.4745017388767659,0.5879331579016828,-0.01339112006549531,-0.056328606673920346
877,0.47931349301449,0.5960904284491682,0.05571418867215493,-0.048267260551487945
878,0.47062344775655035,0.5700184132801316,0.007179920867204925,-0.032252429075071296
879,0.4673757271169488,0.5599121794686737,0.008839844665292097,-0.04052051677880934
880,0.4736209457425759,0.6017830730791727,0.023878278199685042,-0.03576712993743508
881,0.48822103863227534,0.570312553667637,-0.06078900406846249,-0.0352243944060541
882,0.5019059629328352,0.5922794197997698,-0.06479624191436965,-0.023336603727729853
883,0.4987207416174275,0.5918637081751742,-0.04995150744892091,-0.012521546555059621
884,0.49130196687867855,0.5829981484552583,-0.05835404989150562,-0.009625043066052831
885,0.49945353413646465,0.593747077656328,0.03619534607207236,0.00010713547066327067
886,0.5000965624394389,0.5898562350092297,-0.006910349560242396,-0.005817601198916452
887,0.5103143667751526,0.5997566888246304,-0.06232472132857348,-0.006332578704299877
888,0.4897861564534805,0.573715534395713,-0.026327432913205457,-0.007622758050368534
889,0.5126342365674669,0.5948581000671361,0.0060133504818052075,-0.020374863193092577
890,0.49251788727947315,0.5645425106488616,-0.07114669051791765,-0.01052033204519445
891,0.4890905780344514,0.5976230071700459,-0.0587700588590689,-0.015598275818225444
892,0.49102761709438164,0.5972039046612299,-0.0031862206246507097,-0.005315560566337627
893,0.4969799873077966,0.5840645065872947,0.007625772209581065,-0.010861405519005945
894,0.5035242759334856,0.593232831701632,0.0007736712168368978,-0.0010065086677521708
895,0.5029814875534896,0.5803141897836432,-0.033865114006428644,4.418932361791334e-05
896,0.5096013215740285,0.5906398733860563,-0.0030317030341460625,-0.006717021368167797
897,0.48387866381901207,0.5849778678252447,0.00394693324277892,-0.014981721120694517
898,0.5086247984998779,0.5858848978519078,-0.0007215888590812454,-0.01177953600674162
899,0.49496469488044276,0.5845800900066979,0.05875592119254575,-0.028139402044106435
900,0.5205601414448071,0.5983142218491126,-0.09414652251479579,-0.016876209764577516
901,0.4985854919399965,0.575067835104015,-0.11352119017456232,-0.014376646208687378
902,0.48105585698773673,0.5994221041147448,-0.004182487212378,-0.020194291750551326
903,0.48210450289102336,0.5925852083535421,0.09764031446912962,-0.021296614006433165
904,0.5055992295000223,0.5791747791607693,-0.04095238580551003,-0.009628048682500813
905,0.4770974986124438,0.573620032378809,0.011289798629826672,-0.005381269942255947
906,0.5015471843019956,0.5768976855052635,-0.022993278601266334,-0.00856506001274539
907,0.49163142598865295,0.5633652526928077,0.014175459550098414,-0.0007785688496899701
908,0.49711580825645646,0.5924122661503007,-0.006138254749056404,0.005334246592650344
909,0.48209681927004,0.5789131985702195,-0.033509389842536375,0.0030222929387666957
910,0.49352719174128024,0.5942207430282497,-0.020089346706138142,-0.004025662996675152
911,0.5093186353710211,0.5840975060327703,-0.04252994250876565,0.0004686851989765555
912,0.49579680658218067,0.578859803769751,0.0023595584837988455,0.002245823973866896
913,0.4981287265243123,0.5863386776785791,-0.025613207938707583,0.01240765510891823
914,0.4978990778475065,0.6034096263231208,0.026492052098404776,0.017237822251990678
915,0.5186599940166287,0.5875009292849618,0.04153236147223781,0.0250629169068685
916,0.5034766031638828,0.5897328081835312,0.04581009886120666,0.010331047997147938
917,0.504077670188919,0.6011305730340931,0.056661823615587366,0.00019500530150864072
918,0.501372295329035,0.6000867059832324,0.02050822941759966,0.014089156330742113
919,0.5067493457884483,0.5881736938254315,0.08993265286601644,0.01648247480408862
920,0.515028797083377,0.5834900542938732,0.07407923406154479,0.006726824893021133
921,0.5064187007817782,0.5905408883874381,-0.03211662961115261,-0.006055703879190825
922,0.4773277455029749,0.5710722358514115,0.08830327660834815,-0.00917775821186465
923,0.49243802692563804,0.5849829355979262,-0.010389852427289905,0.0036188698158335303
924,0.49994899175876345,0.5813302760447883,0.029358545078780607,0.005739727180995558
925,0.507734345492159,0.6033737525808658,-0.031251688994074406,0.009333554886767709
926,0.5024758347981219,0.5809810796575149,0.038695450781449765,0.014710524188390039
927,0.4970108470807123,0.5884756601516543,0.10553540210782264,0.009647916079161508
928,0.5158620814359292,0.5852415285934267,0.019733630501884092,0.014004491002161354
929,0.49274902577636814,0.5905601207479402,0.05354678701138233,0.008379993671564966
930,0.5251144075231922,0.5831298353751592,0.059922983822054826,-7.605928660881055e-05
931,0.5039188908549206,0.5851957764062364,0.030163329351359205,-0.004138343890655724
932,0.49605896294642465,0.5880690344989854,-0.005645025170878513,0.0014682831580159084
933,0.49065302421041357,0.5652792593054901,-0.028992896272384744,-0.0013282981441033973
934,0.5117250174395473,0.5836953050337372,0.13434586547768929,-0.0108187892929362
935,0.498014810800639,0.5674620864133286,0.06665158958753269,0.011695991778625618
936,0.5132685806013649,0.5823923620923326,0.04617537129255988,0.01734682162627868
937,0.49575937871519254,0.571131054554133,0.01942861342599182,0.025644308881610945
938,0.48889394192490143,0.5796495446225326,-0.036318595325522424,0.024531558757218186
939,0.5048234828940373,0.5762829983372879,-0.03260733403973906,0.024785290360377105
940,0.49665434038820433,0.5779804685003188,-0.023122515374914613,0.03668340270787565
941,0.5063538314058176,0.6104081559717279,-0.10501248787240104,0.045452652196251254
942,0.5048147937297396,0.5870856760032301,-0.032405509649397604,0.04593650834288493
943,0.5217052603415024,0.5860216786877577,-0.04854439549039117,0.04316070414784777
944,0.5223131205013265,0.5869441687926011,0.027322081911270606,0.048409213142726455
945,0.5080296139189667,0.60059460917729,-0.016988819209741428,0.049505276107925655
946,0.510537101520806,0.5968968907395378,0.004437920749697366,0.04452187470311074
947,0.49608976393993187,0.5828308801715953,0.01965758712097502,0.04128214387434539
948,0.5045695027713252,0.5956060186662808,-0.024757173933380693,0.02158648874673553
949,0.5333577932316329,0.5865186991553559,-0.005702277803011559,0.009330400758816401
950,0.5103619016409344,0.5743527082950045,0.006598176623115926,0.015148991753023098
951,0.5029358466852509,0.586056246851281,-0.020898515963971853,0.013210832058127616
952,0.5122597935811039,0.5982481359034298,0.005056731355967618,0.013721524625198666
953,0.5165063679427239,0.598835036568003,0.03619289567830026,0.021328136497593624
954,0.5009646899495414,0.5833010166758072,-0.043218709040533515,0.031508266533322
955,0.5255550275753664,0.5942335474411109,0.02020923914091725,0.061728459773247625
956,0.5188005517377323,0.5965668094519493,0.02642615572160495,0.049334884936374314
957,0.5010160760129394,0.5804225887994595,-0.05198775641670038,0.03375314870684272
958,0.5097216150190452,0.5869544125521938,0.001595076840613534,0.04507385755347802
959,0.5197156140254229,0.6005354482558635,0.06369467804787794,0.04992880514835172
960,0.5110260812921844,0.5973045555992936,-0.009542701460185344,0.04899614393904713
961,0.5101773041722772,0.5937631265357173,-0.08044569242588147,0.03893095452245246
962,0.5140909285187355,0.5731253031023682,-0.021610866153821948,0.03677839327238882
963,0.4979572058232997,0.5971316768762528,0.009846067140690789,0.017083030477745294
964,0.5242469605010859,0.5847097380025998,-0.06466537302935614,0.02221052692017312
965,0.4930289626683972,0.5952713990345452,0.01133211896801852,0.004731468484895058
966,0.5290319676154476,0.5921310413611507,-0.032733469775198414,0.010330437712528529
967,0.48770093301378586,0.5935859105141144,0.06764426259297589,0.007098572619045666
968,0.4990480509740045,0.5836605199283829,-0.06048256249203763,-0.006770299930773086
969,0.5039034383748133,0.5757366101758562,-0.0020556013255132784,-0.028217075769255695
970,0.5034001908351895,0.5851198455054448,0.01101779052660568,-0.02075159501973756
971,0.5081475261274533,0.5913132524217491,0.03308648111517771,-0.008709662184806757
972,0.4797311241147253,0.5890043786777066,0.019563706010900055,-0.027857874421169833
973,0.4802417243021214,0.5750816533261645,0.02033739104609087,-0.03191620850811889
974,0.47963216886508037,0.5818625884846398,0.045172953333444704,-0.04003206596105824
975,0.49614982010981523,0.5696045889592206,-0.031028328002611707,-0.039668799749170515
976,0.482077345505134,0.5890788543782068,0.10366399963674593,-0.0392312313866844
977,0.48915600394340164,0.5943133952720951,0.0003191199616188263,-0.05863411320516144
978,0.4968631249095948,0.5866435533505091,-0.028654918686308917,-0.05867510999749218
979,0.4760687017282824,0.579160134663596,-0.009585587051325235,-0.05257725481826766
980,0.47964014990760095,0.5674534288334359,0.07954035993937358,-0.05605765535792767
981,0.48747348882470154,0.5839470946403165,0.05465507756671695,-0.05701165334178003
982,0.47706178707886926,0.5886650828444213,-0.09296565716252511,-0.06720999950139475
983,0.4798844823913846,0.5760942298460839,-0.008991650908748634,-0.07653829715181065
984,0.4848962244315525,0.5817087103831984,-0.04208650859670948,-0.08086822609532777
985,0.48732109390328865,0.571030095114024,0.0023680760128995696,-0.08318320831945275
986,0.47450246719213746,0.5725888550221582,-0.04902387857427861,-0.07748356629075766
987,0.48711554954168945,0.5832262545468446,0.009423001220288482,-0.08297756898705147
988,0.48940938607673,0.5964130107682944,-0.0753872588733633,-0.08562528528016544
989,0.4844069207495404,0.5914691897050347,-0.0022041858869653154,-0.07976076903634916
990,0.46462592200641983,0.5767438392288939,0.05805655562420074,-0.08772906749489293
991,0.4793962162843221,0.5784145727619506,-0.036018775366720004,-0.09373442948489649
992,0.479706882017609,0.5825247081765177,-0.0019128505818573008,-0.087066981187189
993,0.4836132610185648,0.5799919967032767,-0.019071164396413563,-0.09449171721489191
994,0.46751545657800075,0.5601369769614445,0.017246237859524775,-0.09687583146178015
995,0.4831646837825166,0.577665083465063,0.07576833697419644,-0.10155233307368539
996,0.4674262544016276,0.5761384109512693,0.06548471306699608,-0.09748998640800481
997,0.4685897103402325,0.5835537382557268,-0.0130105869488471,-0.1024124447956962
998,0.482244175718401,0.5706175446808325,-0.0029364251551395847,-0.11433254771417392
999,0.4977471228392411,0.5805824706195798,0.015136716295739643,-0.09911236346055577
